--------------------------------------------------------
--  File created - Sunday-October-25-2020   
--------------------------------------------------------
--------------------------------------------------------
--  DDL for Table DOCUMENTMARKERS
--------------------------------------------------------

  CREATE TABLE "CTL"."DOCUMENTMARKERS" 
   (	"DOCID" VARCHAR2(255 BYTE), 
	"MARKERID" VARCHAR2(255 BYTE), 
	"MARKERTYPE" VARCHAR2(255 BYTE), 
	"FORCOLOR" VARCHAR2(255 BYTE), 
	"BACKCOLOR" VARCHAR2(255 BYTE), 
	"USERID" VARCHAR2(255 BYTE), 
	"LOCATIONX" FLOAT(126), 
	"LOCATIONY" FLOAT(126), 
	"WIDTH" FLOAT(126), 
	"HEIGHT" FLOAT(126)
   ) SEGMENT CREATION IMMEDIATE 
  PCTFREE 10 PCTUSED 40 INITRANS 1 MAXTRANS 255 
 NOCOMPRESS LOGGING
  STORAGE(INITIAL 65536 NEXT 1048576 MINEXTENTS 1 MAXEXTENTS 2147483645
  PCTINCREASE 0 FREELISTS 1 FREELIST GROUPS 1
  BUFFER_POOL DEFAULT FLASH_CACHE DEFAULT CELL_FLASH_CACHE DEFAULT)
  TABLESPACE "USERS" ;
--------------------------------------------------------
--  DDL for Table DOCUMENTS
--------------------------------------------------------

  CREATE TABLE "CTL"."DOCUMENTS" 
   (	"OWNER" VARCHAR2(255 BYTE), 
	"IMAGEURL" VARCHAR2(255 BYTE), 
	"DOCUMENTNAME" VARCHAR2(255 BYTE), 
	"DOCID" VARCHAR2(255 BYTE)
   ) SEGMENT CREATION IMMEDIATE 
  PCTFREE 10 PCTUSED 40 INITRANS 1 MAXTRANS 255 
 NOCOMPRESS LOGGING
  STORAGE(INITIAL 65536 NEXT 1048576 MINEXTENTS 1 MAXEXTENTS 2147483645
  PCTINCREASE 0 FREELISTS 1 FREELIST GROUPS 1
  BUFFER_POOL DEFAULT FLASH_CACHE DEFAULT CELL_FLASH_CACHE DEFAULT)
  TABLESPACE "USERS" ;
--------------------------------------------------------
--  DDL for Table LIVEWATCHDOCS
--------------------------------------------------------

  CREATE TABLE "CTL"."LIVEWATCHDOCS" 
   (	"DOCID" VARCHAR2(255 BYTE), 
	"USERID" VARCHAR2(255 BYTE)
   ) SEGMENT CREATION IMMEDIATE 
  PCTFREE 10 PCTUSED 40 INITRANS 1 MAXTRANS 255 
 NOCOMPRESS LOGGING
  STORAGE(INITIAL 65536 NEXT 1048576 MINEXTENTS 1 MAXEXTENTS 2147483645
  PCTINCREASE 0 FREELISTS 1 FREELIST GROUPS 1
  BUFFER_POOL DEFAULT FLASH_CACHE DEFAULT CELL_FLASH_CACHE DEFAULT)
  TABLESPACE "USERS" ;
--------------------------------------------------------
--  DDL for Table SHAREDDOCUMENTS
--------------------------------------------------------

  CREATE TABLE "CTL"."SHAREDDOCUMENTS" 
   (	"DOCID" VARCHAR2(255 BYTE), 
	"USERID" VARCHAR2(255 BYTE)
   ) SEGMENT CREATION IMMEDIATE 
  PCTFREE 10 PCTUSED 40 INITRANS 1 MAXTRANS 255 
 NOCOMPRESS LOGGING
  STORAGE(INITIAL 65536 NEXT 1048576 MINEXTENTS 1 MAXEXTENTS 2147483645
  PCTINCREASE 0 FREELISTS 1 FREELIST GROUPS 1
  BUFFER_POOL DEFAULT FLASH_CACHE DEFAULT CELL_FLASH_CACHE DEFAULT)
  TABLESPACE "USERS" ;
--------------------------------------------------------
--  DDL for Table USERS
--------------------------------------------------------

  CREATE TABLE "CTL"."USERS" 
   (	"USERID" VARCHAR2(255 BYTE), 
	"USERNAME" VARCHAR2(255 BYTE)
   ) SEGMENT CREATION IMMEDIATE 
  PCTFREE 10 PCTUSED 40 INITRANS 1 MAXTRANS 255 
 NOCOMPRESS LOGGING
  STORAGE(INITIAL 65536 NEXT 1048576 MINEXTENTS 1 MAXEXTENTS 2147483645
  PCTINCREASE 0 FREELISTS 1 FREELIST GROUPS 1
  BUFFER_POOL DEFAULT FLASH_CACHE DEFAULT CELL_FLASH_CACHE DEFAULT)
  TABLESPACE "USERS" ;
REM INSERTING into CTL.DOCUMENTMARKERS
SET DEFINE OFF;
Insert into CTL.DOCUMENTMARKERS (DOCID,MARKERID,MARKERTYPE,FORCOLOR,BACKCOLOR,USERID,LOCATIONX,LOCATIONY,WIDTH,HEIGHT) values ('421751D7DFDD159217F2AEA55C91672A','CFFE34E70EE0293FEF6F1C2CB947C721','Rectangle','white','black','Liza091995@hotmail.com',229.714409722222,31.709369023641,31.9878472222222,20.8812497456868);
Insert into CTL.DOCUMENTMARKERS (DOCID,MARKERID,MARKERTYPE,FORCOLOR,BACKCOLOR,USERID,LOCATIONX,LOCATIONY,WIDTH,HEIGHT) values ('421751D7DFDD159217F2AEA55C91672A','BB03F27E6FE2D2C2B4716B202DD79AC1','Rectangle','#4a29ee','#2a00ff','Liza091995@hotmail.com',218.673553719008,208.233052025157,91.198347107438,86.8793382881102);
Insert into CTL.DOCUMENTMARKERS (DOCID,MARKERID,MARKERTYPE,FORCOLOR,BACKCOLOR,USERID,LOCATIONX,LOCATIONY,WIDTH,HEIGHT) values ('421751D7DFDD159217F2AEA55C91672A','587BBF5537F0B436D0B2947C186022F8','Rectangle','white','black','Liza091995@hotmail.com',18.5807034845496,162.259757288344,37.4283366206443,41.3573962932037);
Insert into CTL.DOCUMENTMARKERS (DOCID,MARKERID,MARKERTYPE,FORCOLOR,BACKCOLOR,USERID,LOCATIONX,LOCATIONY,WIDTH,HEIGHT) values ('421751D7DFDD159217F2AEA55C91672A','89C406DB0A54693E5E885E1D5D90BD29','Rectangle','white','black','Liza091995@hotmail.com',75.295867768595,8.38247329081388,25.3355371900826,32.6895866658864);
Insert into CTL.DOCUMENTMARKERS (DOCID,MARKERID,MARKERTYPE,FORCOLOR,BACKCOLOR,USERID,LOCATIONX,LOCATIONY,WIDTH,HEIGHT) values ('421751D7DFDD159217F2AEA55C91672A','943B18CADEE50F80F21B1B61DCD3A298','Ellipse','white','black','Liza091995@hotmail.com',439.167438271605,394.095679012346,35.9429012345679,68.9197530864198);
Insert into CTL.DOCUMENTMARKERS (DOCID,MARKERID,MARKERTYPE,FORCOLOR,BACKCOLOR,USERID,LOCATIONX,LOCATIONY,WIDTH,HEIGHT) values ('404DDAF0F28596DF40BFFB05A240EDEF','21254F79729FA5DCE324CC0CDB73C238','Ellipse','white','black','Liza091995@hotmail.com',385.28892733564,195.030105287228,33.5397923875433,32.5044983596538);
Insert into CTL.DOCUMENTMARKERS (DOCID,MARKERID,MARKERTYPE,FORCOLOR,BACKCOLOR,USERID,LOCATIONX,LOCATIONY,WIDTH,HEIGHT) values ('421751D7DFDD159217F2AEA55C91672A','03283F918939B456E8D63BF0AF024074','Ellipse','white','black','Liza091995@hotmail.com',449.935790725327,312.731035956021,42.0594530321046,49.4068966569572);
Insert into CTL.DOCUMENTMARKERS (DOCID,MARKERID,MARKERTYPE,FORCOLOR,BACKCOLOR,USERID,LOCATIONX,LOCATIONY,WIDTH,HEIGHT) values ('421751D7DFDD159217F2AEA55C91672A','FDA821A40075F35381B34D5ACC872FCC','Rectangle','#000000','#ffe000','Aharon@gmail.com',51,235,65,73);
Insert into CTL.DOCUMENTMARKERS (DOCID,MARKERID,MARKERTYPE,FORCOLOR,BACKCOLOR,USERID,LOCATIONX,LOCATIONY,WIDTH,HEIGHT) values ('421751D7DFDD159217F2AEA55C91672A','E75DCB8F4BC788586038F8C85D454EDB','Rectangle','#000000','#66ff00','Aharon@gmail.com',88.1883205070167,117.031955682729,45.793571751924,41.8339518196931);
Insert into CTL.DOCUMENTMARKERS (DOCID,MARKERID,MARKERTYPE,FORCOLOR,BACKCOLOR,USERID,LOCATIONX,LOCATIONY,WIDTH,HEIGHT) values ('3F558898BEDE55D2F6F2C454AA6D2774','401B9ED25800F2A41310C6A32AEB4BFA','Ellipse','white','black','Aharon@gmail.com',267.810964083176,215.030620899453,42.0302457466919,59.0344042714918);
Insert into CTL.DOCUMENTMARKERS (DOCID,MARKERID,MARKERTYPE,FORCOLOR,BACKCOLOR,USERID,LOCATIONX,LOCATIONY,WIDTH,HEIGHT) values ('421751D7DFDD159217F2AEA55C91672A','FE9530DA8FBF83DE8082A5CB28BB5E4A','Rectangle','#000000','#66ff00','Aharon@gmail.com',144.3088,180.363995513916,36.3424,46.0719998168945);
Insert into CTL.DOCUMENTMARKERS (DOCID,MARKERID,MARKERTYPE,FORCOLOR,BACKCOLOR,USERID,LOCATIONX,LOCATIONY,WIDTH,HEIGHT) values ('421751D7DFDD159217F2AEA55C91672A','C7B8CF700A254AA9014C1CDFB04407AF','Ellipse','white','black','Liza091995@hotmail.com',168.198691255205,74.4854268307206,34.5294467578822,32.6096371951946);
Insert into CTL.DOCUMENTMARKERS (DOCID,MARKERID,MARKERTYPE,FORCOLOR,BACKCOLOR,USERID,LOCATIONX,LOCATIONY,WIDTH,HEIGHT) values ('404DDAF0F28596DF40BFFB05A240EDEF','A245B96817393C0132C91E42F1879868','Ellipse','white','black','Aharon@gmail.com',289.054545454545,89.0756964867962,26.8727272727273,24.7940493648309);
Insert into CTL.DOCUMENTMARKERS (DOCID,MARKERID,MARKERTYPE,FORCOLOR,BACKCOLOR,USERID,LOCATIONX,LOCATIONY,WIDTH,HEIGHT) values ('404DDAF0F28596DF40BFFB05A240EDEF','23A6179D87C5D453CB45F9DFB9C83EEA','Rectangle','white','black','Liza091995@hotmail.com',101.338842975207,237.803850830751,44.595041322314,86.9498618890432);
Insert into CTL.DOCUMENTMARKERS (DOCID,MARKERID,MARKERTYPE,FORCOLOR,BACKCOLOR,USERID,LOCATIONX,LOCATIONY,WIDTH,HEIGHT) values ('404DDAF0F28596DF40BFFB05A240EDEF','6B5DE938B4C0B3DF4219F1B1037D3366','Rectangle','white','#3816e7','Liza091995@hotmail.com',73.7212390438319,373.617630677669,69.9479969584032,47.1202819931864);
Insert into CTL.DOCUMENTMARKERS (DOCID,MARKERID,MARKERTYPE,FORCOLOR,BACKCOLOR,USERID,LOCATIONX,LOCATIONY,WIDTH,HEIGHT) values ('E244E2E2C9B00810D0838A3C59E3D21C','B0529C432E4B15E30EA6603E455AB41A','Ellipse','white','#2a00ff','Liza091995@hotmail.com',101.804023668639,209.49159913554,32.268875739645,54.4937278576011);
Insert into CTL.DOCUMENTMARKERS (DOCID,MARKERID,MARKERTYPE,FORCOLOR,BACKCOLOR,USERID,LOCATIONX,LOCATIONY,WIDTH,HEIGHT) values ('421751D7DFDD159217F2AEA55C91672A','4B5E7413D0015CF5841797411CBB39B7','Ellipse','white','black','Liza091995@hotmail.com',174.78431372549,344.974240653288,54.5882352941177,61.7142637437786);
Insert into CTL.DOCUMENTMARKERS (DOCID,MARKERID,MARKERTYPE,FORCOLOR,BACKCOLOR,USERID,LOCATIONX,LOCATIONY,WIDTH,HEIGHT) values ('421751D7DFDD159217F2AEA55C91672A','4CD2A4AC9611ADAF964B289825C4AF36','Ellipse','white','black','Liza091995@hotmail.com',252.790170132325,101.940258812138,74.593572778828,54.3107745165185);
Insert into CTL.DOCUMENTMARKERS (DOCID,MARKERID,MARKERTYPE,FORCOLOR,BACKCOLOR,USERID,LOCATIONX,LOCATIONY,WIDTH,HEIGHT) values ('421751D7DFDD159217F2AEA55C91672A','CA2EEF48E49E93D77DABF18A0C48EB0A','Rectangle','#4a29ee','#2a00ff','Liza091995@hotmail.com',345.236111111111,27.8842822180854,66.8611111111111,51.2397566901313);
Insert into CTL.DOCUMENTMARKERS (DOCID,MARKERID,MARKERTYPE,FORCOLOR,BACKCOLOR,USERID,LOCATIONX,LOCATIONY,WIDTH,HEIGHT) values ('421751D7DFDD159217F2AEA55C91672A','6216FD7447C0A883F38A948D41DF8FDA','Rectangle','white','black','Liza091995@hotmail.com',36.4964845862628,41.0721411449707,19.3326122228231,33.3068682937251);
Insert into CTL.DOCUMENTMARKERS (DOCID,MARKERID,MARKERTYPE,FORCOLOR,BACKCOLOR,USERID,LOCATIONX,LOCATIONY,WIDTH,HEIGHT) values ('421751D7DFDD159217F2AEA55C91672A','CDEB365B6E9F6F880ED716D1158BAB58','Ellipse','white','black','Liza091995@hotmail.com',448.577994829072,86.6414188778424,49.8948577994829,25.8561330881313);
Insert into CTL.DOCUMENTMARKERS (DOCID,MARKERID,MARKERTYPE,FORCOLOR,BACKCOLOR,USERID,LOCATIONX,LOCATIONY,WIDTH,HEIGHT) values ('404DDAF0F28596DF40BFFB05A240EDEF','A7FF2647B042E0F6C19773B91656AA93','Ellipse','#573be3','#ff0812','Liza091995@hotmail.com',248.062283737024,374.595155709343,62.9342560553633,87.8685121107267);
Insert into CTL.DOCUMENTMARKERS (DOCID,MARKERID,MARKERTYPE,FORCOLOR,BACKCOLOR,USERID,LOCATIONX,LOCATIONY,WIDTH,HEIGHT) values ('404DDAF0F28596DF40BFFB05A240EDEF','B78189826E48AAE4A0762C0F33771C96','Ellipse','#4f2cff','#5237d9','Liza091995@hotmail.com',201.080584099513,152.757376407275,47.7458085451595,28.1689559086521);
Insert into CTL.DOCUMENTMARKERS (DOCID,MARKERID,MARKERTYPE,FORCOLOR,BACKCOLOR,USERID,LOCATIONX,LOCATIONY,WIDTH,HEIGHT) values ('421751D7DFDD159217F2AEA55C91672A','0DCC1EAA1467B88F50E2AB003DB7891C','Ellipse','#3b26a2','black','Liza091995@hotmail.com',366.475110270951,211.368369493683,45.6584751102709,65.2806553687401);
Insert into CTL.DOCUMENTMARKERS (DOCID,MARKERID,MARKERTYPE,FORCOLOR,BACKCOLOR,USERID,LOCATIONX,LOCATIONY,WIDTH,HEIGHT) values ('404DDAF0F28596DF40BFFB05A240EDEF','4922F12B7C2244D30BE3B4F35663D9E3','Rectangle','white','#3816e7','Liza091995@hotmail.com',234.027654320988,271.323450822242,45.3224691358025,41.1308639262635);
Insert into CTL.DOCUMENTMARKERS (DOCID,MARKERID,MARKERTYPE,FORCOLOR,BACKCOLOR,USERID,LOCATIONX,LOCATIONY,WIDTH,HEIGHT) values ('421751D7DFDD159217F2AEA55C91672A','AA115D121F39050ABAD4D8FA0D6260FE','Rectangle','white','black','Liza091995@hotmail.com',53.4566,342.867093957519,44.7268000000001,54.3257998779297);
Insert into CTL.DOCUMENTMARKERS (DOCID,MARKERID,MARKERTYPE,FORCOLOR,BACKCOLOR,USERID,LOCATIONX,LOCATIONY,WIDTH,HEIGHT) values ('404DDAF0F28596DF40BFFB05A240EDEF','F7CF784D4E23E2DB449BEC9525C005D8','Ellipse','white','#3816e7','Liza091995@hotmail.com',218.605902777778,30.9979108174642,51.8715277777778,56.9708328247071);
Insert into CTL.DOCUMENTMARKERS (DOCID,MARKERID,MARKERTYPE,FORCOLOR,BACKCOLOR,USERID,LOCATIONX,LOCATIONY,WIDTH,HEIGHT) values ('404DDAF0F28596DF40BFFB05A240EDEF','6EB5FA1A568397A949CD7E4F4DF42775','Rectangle','white','black','Liza091995@hotmail.com',100.853466421366,28.9203553199768,32.8118163943291,27.5530271530151);
Insert into CTL.DOCUMENTMARKERS (DOCID,MARKERID,MARKERTYPE,FORCOLOR,BACKCOLOR,USERID,LOCATIONX,LOCATIONY,WIDTH,HEIGHT) values ('421751D7DFDD159217F2AEA55C91672A','1525DFA4D5BEBDCA319290C8A5D3C43C','Ellipse','white','black','Liza091995@hotmail.com',20.1632,10.639994140625,11.7536,14.7199995117187);
Insert into CTL.DOCUMENTMARKERS (DOCID,MARKERID,MARKERTYPE,FORCOLOR,BACKCOLOR,USERID,LOCATIONX,LOCATIONY,WIDTH,HEIGHT) values ('421751D7DFDD159217F2AEA55C91672A','35EF0088D5C9653FCDC49A1966D67D32','Rectangle','white','black','Liza091995@hotmail.com',134.257887517147,301.818862951669,28.076817558299,42.0141290002726);
Insert into CTL.DOCUMENTMARKERS (DOCID,MARKERID,MARKERTYPE,FORCOLOR,BACKCOLOR,USERID,LOCATIONX,LOCATIONY,WIDTH,HEIGHT) values ('421751D7DFDD159217F2AEA55C91672A','F36CF8F8C15E57E24B3C0143FCF063D1','Rectangle','white','black','Liza091995@hotmail.com',33.5384615384615,96.5230712890625,10,47.2923067533053);
Insert into CTL.DOCUMENTMARKERS (DOCID,MARKERID,MARKERTYPE,FORCOLOR,BACKCOLOR,USERID,LOCATIONX,LOCATIONY,WIDTH,HEIGHT) values ('421751D7DFDD159217F2AEA55C91672A','669DCDFC12A6D4A5CF9CF75007490E72','Ellipse','white','black','Liza091995@hotmail.com',20.921875,109.334369659424,6.40625,37.8812484741211);
Insert into CTL.DOCUMENTMARKERS (DOCID,MARKERID,MARKERTYPE,FORCOLOR,BACKCOLOR,USERID,LOCATIONX,LOCATIONY,WIDTH,HEIGHT) values ('E244E2E2C9B00810D0838A3C59E3D21C','DAE914EC247BC908F7B416D89952688D','Ellipse','white','black','Liza091995@hotmail.com',55.6108799048752,45.4587930504689,39.0885850178359,46.4686085885827);
Insert into CTL.DOCUMENTMARKERS (DOCID,MARKERID,MARKERTYPE,FORCOLOR,BACKCOLOR,USERID,LOCATIONX,LOCATIONY,WIDTH,HEIGHT) values ('404DDAF0F28596DF40BFFB05A240EDEF','7B1B00272BFAE29C8948A6B86EE5C507','Ellipse','white','black','Aharon@gmail.com',424.15625,13.7513830396864,50.1875,34.9638883802626);
Insert into CTL.DOCUMENTMARKERS (DOCID,MARKERID,MARKERTYPE,FORCOLOR,BACKCOLOR,USERID,LOCATIONX,LOCATIONY,WIDTH,HEIGHT) values ('421751D7DFDD159217F2AEA55C91672A','7B91BBEBA7B40C8049CBE3AC9160C785','Ellipse','white','black','Liza091995@hotmail.com',256.492530556813,24.8251637864188,45.4404708012676,32.55391553928);
Insert into CTL.DOCUMENTMARKERS (DOCID,MARKERID,MARKERTYPE,FORCOLOR,BACKCOLOR,USERID,LOCATIONX,LOCATIONY,WIDTH,HEIGHT) values ('421751D7DFDD159217F2AEA55C91672A','73386C39311AAEE452D3553C320C517A','Ellipse','#3b26a2','black','Liza091995@hotmail.com',406,136,54,43);
Insert into CTL.DOCUMENTMARKERS (DOCID,MARKERID,MARKERTYPE,FORCOLOR,BACKCOLOR,USERID,LOCATIONX,LOCATIONY,WIDTH,HEIGHT) values ('421751D7DFDD159217F2AEA55C91672A','9B74FE7B3982573F155DAFB105DEBCD0','Rectangle','#000000','#ffe000','Aharon@gmail.com',383.817762399077,299.419455552092,55.0703575547866,61.0591311632602);
Insert into CTL.DOCUMENTMARKERS (DOCID,MARKERID,MARKERTYPE,FORCOLOR,BACKCOLOR,USERID,LOCATIONX,LOCATIONY,WIDTH,HEIGHT) values ('421751D7DFDD159217F2AEA55C91672A','66783C250BF18CD6F5851D172906F867','Rectangle','white','black','Liza091995@hotmail.com',88.3453186187255,37.2397234527273,59.0074759700962,47.2262012648727);
Insert into CTL.DOCUMENTMARKERS (DOCID,MARKERID,MARKERTYPE,FORCOLOR,BACKCOLOR,USERID,LOCATIONX,LOCATIONY,WIDTH,HEIGHT) values ('421751D7DFDD159217F2AEA55C91672A','C3558A962FA50134171A722AC8096CAA','Rectangle','white','black','Liza091995@hotmail.com',234.979618671926,191.303610095062,74.1433267587114,64.5517419618185);
Insert into CTL.DOCUMENTMARKERS (DOCID,MARKERID,MARKERTYPE,FORCOLOR,BACKCOLOR,USERID,LOCATIONX,LOCATIONY,WIDTH,HEIGHT) values ('421751D7DFDD159217F2AEA55C91672A','9F61792E2CD1D554D45FB2818BD0A3E5','Ellipse','white','black','Liza091995@hotmail.com',224.96252230815,334.24270671638,26.6115407495538,53.3389646041117);
Insert into CTL.DOCUMENTMARKERS (DOCID,MARKERID,MARKERTYPE,FORCOLOR,BACKCOLOR,USERID,LOCATIONX,LOCATIONY,WIDTH,HEIGHT) values ('3F558898BEDE55D2F6F2C454AA6D2774','5DDCF31E307E219C9233C2D5D30B99A8','Ellipse','white','black','Liza091995@hotmail.com',168.492157923202,106.204645201217,32.5970795024337,42.5302322742551);
Insert into CTL.DOCUMENTMARKERS (DOCID,MARKERID,MARKERTYPE,FORCOLOR,BACKCOLOR,USERID,LOCATIONX,LOCATIONY,WIDTH,HEIGHT) values ('421751D7DFDD159217F2AEA55C91672A','37B8B1C6D49BD052D9ACB3C415068687','Ellipse','white','black','Liza091995@hotmail.com',311.854578563996,75.9156547649594,36.968262226847,32.226742779179);
Insert into CTL.DOCUMENTMARKERS (DOCID,MARKERID,MARKERTYPE,FORCOLOR,BACKCOLOR,USERID,LOCATIONX,LOCATIONY,WIDTH,HEIGHT) values ('421751D7DFDD159217F2AEA55C91672A','04CC1A9AC1DD56347DFE07D670BC416A','Ellipse','white','black','Liza091995@hotmail.com',187.480975029727,73.3690189719909,37.1070154577883,40.7171222627801);
Insert into CTL.DOCUMENTMARKERS (DOCID,MARKERID,MARKERTYPE,FORCOLOR,BACKCOLOR,USERID,LOCATIONX,LOCATIONY,WIDTH,HEIGHT) values ('421751D7DFDD159217F2AEA55C91672A','854EF2BD10D031414ECDF64702F55B33','Ellipse','white','black','Liza091995@hotmail.com',436.208955223881,28.3049171330483,48.6567164179104,26.5185117358273);
Insert into CTL.DOCUMENTMARKERS (DOCID,MARKERID,MARKERTYPE,FORCOLOR,BACKCOLOR,USERID,LOCATIONX,LOCATIONY,WIDTH,HEIGHT) values ('421751D7DFDD159217F2AEA55C91672A','454014698FF2F005B9E349C29F3742AD','Ellipse','white','black','Liza091995@hotmail.com',198.826822916667,140.521000968085,24.0546875,32.1746525234646);
Insert into CTL.DOCUMENTMARKERS (DOCID,MARKERID,MARKERTYPE,FORCOLOR,BACKCOLOR,USERID,LOCATIONX,LOCATIONY,WIDTH,HEIGHT) values ('E244E2E2C9B00810D0838A3C59E3D21C','0809F2BBD8A4AFE69DFB92E37A0AFF3E','Ellipse','white','black','Liza091995@hotmail.com',205.9375,131.566232147217,21.125,27.3674990844726);
Insert into CTL.DOCUMENTMARKERS (DOCID,MARKERID,MARKERTYPE,FORCOLOR,BACKCOLOR,USERID,LOCATIONX,LOCATIONY,WIDTH,HEIGHT) values ('421751D7DFDD159217F2AEA55C91672A','950676D75D44E926E62C7CBE3173D4BB','Ellipse','white','black','Liza091995@hotmail.com',283.910697887971,359.982782369146,31.421028466483,51.2768595041322);
Insert into CTL.DOCUMENTMARKERS (DOCID,MARKERID,MARKERTYPE,FORCOLOR,BACKCOLOR,USERID,LOCATIONX,LOCATIONY,WIDTH,HEIGHT) values ('421751D7DFDD159217F2AEA55C91672A','48CA4DF1499B387A11021766248295AC','Ellipse','white','black','Liza091995@hotmail.com',195.330882352941,439.822744851294,40.3382352941176,39.5662627962634);
Insert into CTL.DOCUMENTMARKERS (DOCID,MARKERID,MARKERTYPE,FORCOLOR,BACKCOLOR,USERID,LOCATIONX,LOCATIONY,WIDTH,HEIGHT) values ('E244E2E2C9B00810D0838A3C59E3D21C','47E93057953B2FDACE8893099D1D2B05','Ellipse','white','black','Liza091995@hotmail.com',238.210884353741,41.6948920009899,32.1496598639456,27.4578228386081);
Insert into CTL.DOCUMENTMARKERS (DOCID,MARKERID,MARKERTYPE,FORCOLOR,BACKCOLOR,USERID,LOCATIONX,LOCATIONY,WIDTH,HEIGHT) values ('404DDAF0F28596DF40BFFB05A240EDEF','9ED6EED3FEA35173AFB16545F5C35724','Ellipse','white','black','Aharon@gmail.com',27.3185505678745,61.0883661314498,28.7117360735533,24.669767157976);
Insert into CTL.DOCUMENTMARKERS (DOCID,MARKERID,MARKERTYPE,FORCOLOR,BACKCOLOR,USERID,LOCATIONX,LOCATIONY,WIDTH,HEIGHT) values ('404DDAF0F28596DF40BFFB05A240EDEF','10198E5997D75BD11EFA5D584D9E3649','Ellipse','white','black','Aharon@gmail.com',19.3812,19.2271940185547,11.3576,13.0655997558594);
Insert into CTL.DOCUMENTMARKERS (DOCID,MARKERID,MARKERTYPE,FORCOLOR,BACKCOLOR,USERID,LOCATIONX,LOCATIONY,WIDTH,HEIGHT) values ('E244E2E2C9B00810D0838A3C59E3D21C','6514572D7FDC5E5C9369C45209423AFA','Ellipse','white','black','Aharon@gmail.com',160.117283950617,34.0530804292655,15.3950617283951,38.2493824899933);
Insert into CTL.DOCUMENTMARKERS (DOCID,MARKERID,MARKERTYPE,FORCOLOR,BACKCOLOR,USERID,LOCATIONX,LOCATIONY,WIDTH,HEIGHT) values ('404DDAF0F28596DF40BFFB05A240EDEF','64F3C291EBB65CD9272BCD9886473FD1','Rectangle','#000000','#00fff5','Liza091995@hotmail.com',113.290322580645,109.612897319178,31.4193548387097,52.7354834771925);
Insert into CTL.DOCUMENTMARKERS (DOCID,MARKERID,MARKERTYPE,FORCOLOR,BACKCOLOR,USERID,LOCATIONX,LOCATIONY,WIDTH,HEIGHT) values ('421751D7DFDD159217F2AEA55C91672A','6A9E06AA530E35888B50CE4158F93793','Ellipse','white','black','Liza091995@hotmail.com',256.111495844875,436.916897506925,35.6191135734072,51.6398891966759);
Insert into CTL.DOCUMENTMARKERS (DOCID,MARKERID,MARKERTYPE,FORCOLOR,BACKCOLOR,USERID,LOCATIONX,LOCATIONY,WIDTH,HEIGHT) values ('E244E2E2C9B00810D0838A3C59E3D21C','9C62E69003C83C76DEBDBFC7F4B3FA9D','Ellipse','white','black','Liza091995@hotmail.com',298.09843158464,82.2803618047868,38.6868577609519,26.611357206651);
REM INSERTING into CTL.DOCUMENTS
SET DEFINE OFF;
Insert into CTL.DOCUMENTS (OWNER,IMAGEURL,DOCUMENTNAME,DOCID) values ('Aharon@gmail.com','assets/3.jpg','AharonDoc','E244E2E2C9B00810D0838A3C59E3D21C');
Insert into CTL.DOCUMENTS (OWNER,IMAGEURL,DOCUMENTNAME,DOCID) values ('Try@hotmail.com','assets/3.jpg','TryDoc','21F4E5BE29BCD900B53C4B1A0170852A');
Insert into CTL.DOCUMENTS (OWNER,IMAGEURL,DOCUMENTNAME,DOCID) values ('Liza091995@hotmail.com','assets/4.jpg','Liza 13:30','421751D7DFDD159217F2AEA55C91672A');
Insert into CTL.DOCUMENTS (OWNER,IMAGEURL,DOCUMENTNAME,DOCID) values ('Liza091995@hotmail.com','assets/1.jpg','AA','3F558898BEDE55D2F6F2C454AA6D2774');
Insert into CTL.DOCUMENTS (OWNER,IMAGEURL,DOCUMENTNAME,DOCID) values ('Liza091995@hotmail.com','assets/2.jpg','new doc','404DDAF0F28596DF40BFFB05A240EDEF');
Insert into CTL.DOCUMENTS (OWNER,IMAGEURL,DOCUMENTNAME,DOCID) values ('Aharon@gmail.com','assets/clear.png','BBB','C772A4BF2F814CF91CE86AB672A9260E');
REM INSERTING into CTL.LIVEWATCHDOCS
SET DEFINE OFF;
Insert into CTL.LIVEWATCHDOCS (DOCID,USERID) values ('404DDAF0F28596DF40BFFB05A240EDEF','Liza091995@hotmail.com');
Insert into CTL.LIVEWATCHDOCS (DOCID,USERID) values ('421751D7DFDD159217F2AEA55C91672A','Aharon@gmail.com');
Insert into CTL.LIVEWATCHDOCS (DOCID,USERID) values ('421751D7DFDD159217F2AEA55C91672A','Liza091995@hotmail.com');
Insert into CTL.LIVEWATCHDOCS (DOCID,USERID) values ('E244E2E2C9B00810D0838A3C59E3D21C','Aharon@gmail.com');
Insert into CTL.LIVEWATCHDOCS (DOCID,USERID) values ('E244E2E2C9B00810D0838A3C59E3D21C','Liza091995@hotmail.com');
REM INSERTING into CTL.SHAREDDOCUMENTS
SET DEFINE OFF;
Insert into CTL.SHAREDDOCUMENTS (DOCID,USERID) values ('404DDAF0F28596DF40BFFB05A240EDEF','Aharon@gmail.com');
Insert into CTL.SHAREDDOCUMENTS (DOCID,USERID) values ('3F558898BEDE55D2F6F2C454AA6D2774','Aharon@gmail.com');
Insert into CTL.SHAREDDOCUMENTS (DOCID,USERID) values ('E244E2E2C9B00810D0838A3C59E3D21C','Try@hotmail.com');
Insert into CTL.SHAREDDOCUMENTS (DOCID,USERID) values ('E244E2E2C9B00810D0838A3C59E3D21C','Liza091995@hotmail.com');
Insert into CTL.SHAREDDOCUMENTS (DOCID,USERID) values ('421751D7DFDD159217F2AEA55C91672A','Aharon@gmail.com');
Insert into CTL.SHAREDDOCUMENTS (DOCID,USERID) values ('421751D7DFDD159217F2AEA55C91672A','Try@hotmail.com');
REM INSERTING into CTL.USERS
SET DEFINE OFF;
Insert into CTL.USERS (USERID,USERNAME) values ('Liza091995@hotmail.com','Liza');
Insert into CTL.USERS (USERID,USERNAME) values ('Try@hotmail.com','Try');
Insert into CTL.USERS (USERID,USERNAME) values ('Aharon@gmail.com','Aharon');
--------------------------------------------------------
--  DDL for Index PK_DOCUMENTS
--------------------------------------------------------

  CREATE UNIQUE INDEX "CTL"."PK_DOCUMENTS" ON "CTL"."DOCUMENTS" ("DOCID") 
  PCTFREE 10 INITRANS 2 MAXTRANS 255 COMPUTE STATISTICS 
  STORAGE(INITIAL 65536 NEXT 1048576 MINEXTENTS 1 MAXEXTENTS 2147483645
  PCTINCREASE 0 FREELISTS 1 FREELIST GROUPS 1
  BUFFER_POOL DEFAULT FLASH_CACHE DEFAULT CELL_FLASH_CACHE DEFAULT)
  TABLESPACE "USERS" ;
--------------------------------------------------------
--  DDL for Procedure ADDDOCUMENT
--------------------------------------------------------
set define off;

  CREATE OR REPLACE NONEDITIONABLE PROCEDURE "CTL"."ADDDOCUMENT" 
    (
        OWNERID IN VARCHAR2,
        IMAGEURL IN VARCHAR2, 
        DOCUMENTNAME IN VARCHAR2,
        ID IN VARCHAR2,
        retval OUT SYS_REFCURSOR 
    ) AS
        BEGIN
            INSERT INTO DOCUMENTS
            VALUES (OWNERID, IMAGEURL, DOCUMENTNAME, ID);
            OPEN retval FOR
            SELECT * FROM DOCUMENTS WHERE DOCID like ID;
END ADDDOCUMENT;

/
--------------------------------------------------------
--  DDL for Procedure CREATELIVEWATCHDOC
--------------------------------------------------------
set define off;

  CREATE OR REPLACE NONEDITIONABLE PROCEDURE "CTL"."CREATELIVEWATCHDOC" 
    (
        DOC IN VARCHAR2,
        USER IN VARCHAR2,
        retval OUT SYS_REFCURSOR 
    ) AS
        BEGIN
            INSERT INTO LIVEWATCHDOCS
            VALUES (DOC, USER);
            OPEN retval FOR
            SELECT * FROM LIVEWATCHDOCS WHERE DOCID like DOC;
END  CREATELIVEWATCHDOC;

/
--------------------------------------------------------
--  DDL for Procedure CREATEMARKER
--------------------------------------------------------
set define off;

  CREATE OR REPLACE NONEDITIONABLE PROCEDURE "CTL"."CREATEMARKER" 
    (
        DOCID IN VARCHAR2,
        OUTMARKERID IN VARCHAR2,
        MARKERTYPE IN VARCHAR2,
        FORCOLOR IN VARCHAR2,
        BACKCOLOR IN VARCHAR2,
        USERID IN VARCHAR2,
        LOCATIONX IN INTEGER,
        LOCATIONY IN INTEGER,
        WIDTH IN INTEGER,
        HEIGHT IN INTEGER,
        retval OUT SYS_REFCURSOR 
    ) AS
        BEGIN
            INSERT INTO DOCUMENTMARKERS
            VALUES (DOCID, OUTMARKERID, MARKERTYPE,  FORCOLOR, BACKCOLOR, USERID,LOCATIONX, LOCATIONY, WIDTH, HEIGHT);
            OPEN retval FOR
            SELECT * FROM DOCUMENTMARKERS WHERE MARKERID like OUTMARKERID;
END CREATEMARKER;

/
--------------------------------------------------------
--  DDL for Procedure CREATESHARE
--------------------------------------------------------
set define off;

  CREATE OR REPLACE NONEDITIONABLE PROCEDURE "CTL"."CREATESHARE" 
    (
        DOC IN VARCHAR2,
        USER IN VARCHAR2,
        retval OUT SYS_REFCURSOR 
    ) AS
        BEGIN
            INSERT INTO SHAREDDOCUMENTS
            VALUES (DOC, USER);
            OPEN retval FOR
            SELECT * FROM SHAREDDOCUMENTS WHERE DOCID like DOC;
END CREATESHARE;

/
--------------------------------------------------------
--  DDL for Procedure CREATEUSER
--------------------------------------------------------
set define off;

  CREATE OR REPLACE NONEDITIONABLE PROCEDURE "CTL"."CREATEUSER" 
    (
       ID IN VARCHAR2 
      , NAME IN VARCHAR2,
      retval OUT SYS_REFCURSOR 
    ) AS
        BEGIN
           
            INSERT INTO users
            VALUES      ( ID,
                          NAME);
             OPEN retval FOR 
            SELECT * FROM USERS WHERE UserID like ID;       
END CREATEUSER;

/
--------------------------------------------------------
--  DDL for Procedure GETALLUSERS
--------------------------------------------------------
set define off;

  CREATE OR REPLACE NONEDITIONABLE PROCEDURE "CTL"."GETALLUSERS" 
(
  retval OUT SYS_REFCURSOR 
  
) AS 
BEGIN
    OPEN retval FOR 
    SELECT * FROM USERS;
END GetAllUsers;

/
--------------------------------------------------------
--  DDL for Procedure GETDOCBYDOCID
--------------------------------------------------------
set define off;

  CREATE OR REPLACE NONEDITIONABLE PROCEDURE "CTL"."GETDOCBYDOCID" 
(
  ID IN VARCHAR2 ,
  retval OUT SYS_REFCURSOR 
  
) AS 
BEGIN
    OPEN retval FOR 
    SELECT * FROM DOCUMENTS WHERE DOCID like ID;
END GETDOCBYDOCID;

/
--------------------------------------------------------
--  DDL for Procedure GETDOCSBYOWNERID
--------------------------------------------------------
set define off;

  CREATE OR REPLACE NONEDITIONABLE PROCEDURE "CTL"."GETDOCSBYOWNERID" 
(
  ID IN VARCHAR2 ,
  retval OUT SYS_REFCURSOR 
  
) AS 
BEGIN
    OPEN retval FOR 
    SELECT * FROM DOCUMENTS WHERE OWNER like ID;
END GETDOCSBYOWNERID;

/
--------------------------------------------------------
--  DDL for Procedure GETMARKERS
--------------------------------------------------------
set define off;

  CREATE OR REPLACE NONEDITIONABLE PROCEDURE "CTL"."GETMARKERS" 
(
  ID IN VARCHAR2 ,
  retval OUT SYS_REFCURSOR 
  
) AS 
BEGIN
    OPEN retval FOR 
    SELECT * FROM DOCUMENTMARKERS WHERE DOCID like ID;
END GETMARKERS;

/
--------------------------------------------------------
--  DDL for Procedure GETSHAREBYDOCID
--------------------------------------------------------
set define off;

  CREATE OR REPLACE NONEDITIONABLE PROCEDURE "CTL"."GETSHAREBYDOCID" 
(
  ID IN VARCHAR2 ,
  retval OUT SYS_REFCURSOR 
  
) AS 
BEGIN
    OPEN retval FOR 
    SELECT * FROM SHAREDDOCUMENTS WHERE DOCID like ID;
END GETSHAREBYDOCID;

/
--------------------------------------------------------
--  DDL for Procedure GETSHAREBYUSERID
--------------------------------------------------------
set define off;

  CREATE OR REPLACE NONEDITIONABLE PROCEDURE "CTL"."GETSHAREBYUSERID" 
(
  ID IN VARCHAR2 ,
  retval OUT SYS_REFCURSOR 
  
) AS 
BEGIN
    OPEN retval FOR 
    SELECT * FROM SHAREDDOCUMENTS WHERE USERID like ID;
END GETSHAREBYUSERID;

/
--------------------------------------------------------
--  DDL for Procedure GETUSER
--------------------------------------------------------
set define off;

  CREATE OR REPLACE NONEDITIONABLE PROCEDURE "CTL"."GETUSER" 
(
  ID IN VARCHAR2 ,
  retval OUT SYS_REFCURSOR 
  
) AS 
BEGIN
    OPEN retval FOR 
    SELECT * FROM USERS WHERE UserID like ID;
END GetUser;

/
--------------------------------------------------------
--  DDL for Procedure GETWATCHERSOFDOC
--------------------------------------------------------
set define off;

  CREATE OR REPLACE NONEDITIONABLE PROCEDURE "CTL"."GETWATCHERSOFDOC" 
(
  ID IN VARCHAR2 ,
  retval OUT SYS_REFCURSOR 
  
) AS 
BEGIN
    OPEN retval FOR 
    SELECT * FROM LIVEWATCHDOCS WHERE DOCID like ID;
END GETWATCHERSOFDOC;

/
--------------------------------------------------------
--  DDL for Procedure REMOVEDOCUMENT
--------------------------------------------------------
set define off;

  CREATE OR REPLACE NONEDITIONABLE PROCEDURE "CTL"."REMOVEDOCUMENT" 
    (
        ID IN VARCHAR2,
        retval OUT SYS_REFCURSOR 
    ) AS 
        BEGIN
            DELETE FROM DOCUMENTS
            WHERE docid = ID;
            OPEN retval FOR
            SELECT * FROM DOCUMENTS WHERE DOCID like ID;
END REMOVEDOCUMENT;

/
--------------------------------------------------------
--  DDL for Procedure REMOVELIVEWATCHDOC
--------------------------------------------------------
set define off;

  CREATE OR REPLACE NONEDITIONABLE PROCEDURE "CTL"."REMOVELIVEWATCHDOC" 
    (
        DOC IN VARCHAR2,
        USER IN VARCHAR2,
        retval OUT SYS_REFCURSOR 
    ) AS 
        BEGIN
            DELETE FROM LIVEWATCHDOCS
            WHERE docid = DOC and userid = USER;
            OPEN retval FOR
            SELECT * FROM LIVEWATCHDOCS WHERE DOCID like DOC;
END REMOVELIVEWATCHDOC;

/
--------------------------------------------------------
--  DDL for Procedure REMOVEMARKER
--------------------------------------------------------
set define off;

  CREATE OR REPLACE NONEDITIONABLE PROCEDURE "CTL"."REMOVEMARKER" 
    (
        ID IN VARCHAR2,
        retval OUT SYS_REFCURSOR 
    ) AS 
        BEGIN
            DELETE FROM DOCUMENTMARKERS
            WHERE MARKERID = ID;
            OPEN retval FOR
            SELECT * FROM DOCUMENTMARKERS WHERE MARKERID like ID;
END REMOVEMARKER;

/
--------------------------------------------------------
--  DDL for Procedure REMOVESHARE
--------------------------------------------------------
set define off;

  CREATE OR REPLACE NONEDITIONABLE PROCEDURE "CTL"."REMOVESHARE" 
    (
        DOC IN VARCHAR2,
        USER IN VARCHAR2,
        retval OUT SYS_REFCURSOR 
    ) AS 
        BEGIN
            DELETE FROM SHAREDDOCUMENTS
            WHERE docid = DOC and userid = USER;
            OPEN retval FOR
            SELECT * FROM SHAREDDOCUMENTS WHERE DOCID like DOC;
END REMOVESHARE;

/
--------------------------------------------------------
--  DDL for Procedure REMOVEUSER
--------------------------------------------------------
set define off;

  CREATE OR REPLACE NONEDITIONABLE PROCEDURE "CTL"."REMOVEUSER" 
(
  ID IN VARCHAR2
) AS 
BEGIN
    DELETE FROM Users WHERE UserID like ID;
END REMOVEUSER;

/
--------------------------------------------------------
--  DDL for Procedure UPDATEDOCUMENT
--------------------------------------------------------
set define off;

  CREATE OR REPLACE NONEDITIONABLE PROCEDURE "CTL"."UPDATEDOCUMENT" 
    (
        OWNERn IN VARCHAR2,
        IMAGEURLn IN VARCHAR2, 
        DOCUMENTNAMEn IN VARCHAR2,
        IDn IN VARCHAR2,
        retval OUT SYS_REFCURSOR 
    ) AS
        BEGIN
            UPDATE DOCUMENTS
            SET DocumentName = DOCUMENTNAMEn, ImageUrl = IMAGEURLn, Owner = Ownern
            WHERE DocID = IDn;
            OPEN retval FOR
            SELECT * FROM DOCUMENTS WHERE DOCID like IDn;
END UPDATEDOCUMENT;

/
--------------------------------------------------------
--  DDL for Procedure UPDATEMARKER
--------------------------------------------------------
set define off;

  CREATE OR REPLACE NONEDITIONABLE PROCEDURE "CTL"."UPDATEMARKER" 
    (
        DOCIDn IN VARCHAR2,
        MARKERIDn IN VARCHAR2,
        MARKERTYPEn IN VARCHAR2,
        FORCOLORn IN VARCHAR2,
        BACKCOLORn IN VARCHAR2,
        USERIDn IN VARCHAR2,
        LOCATIONXn IN INTEGER,
        LOCATIONYn IN INTEGER,
        WIDTHn IN INTEGER,
        HEIGHTn IN INTEGER,
        retval OUT SYS_REFCURSOR 
    ) AS
        BEGIN
            UPDATE DOCUMENTMARKERS
            SET DocId = DOCIDn, MarkerType = MARKERTYPEn, ForColor = FORCOLORn, BackColor = BACKCOLORn, 
                UserId = UserIdn, LocationX = LocationXn, LocationY = LocationYn, Width = WIDTHn, Height = HEIGHTn
            WHERE MarkerId = MARKERIDn;
            OPEN retval FOR
            SELECT * FROM DOCUMENTMARKERS WHERE MARKERID like MARKERIDn;
END UPDATEMARKER;

/
--------------------------------------------------------
--  Constraints for Table LIVEWATCHDOCS
--------------------------------------------------------

  ALTER TABLE "CTL"."LIVEWATCHDOCS" ADD PRIMARY KEY ("DOCID", "USERID")
  USING INDEX PCTFREE 10 INITRANS 2 MAXTRANS 255 COMPUTE STATISTICS 
  STORAGE(INITIAL 65536 NEXT 1048576 MINEXTENTS 1 MAXEXTENTS 2147483645
  PCTINCREASE 0 FREELISTS 1 FREELIST GROUPS 1
  BUFFER_POOL DEFAULT FLASH_CACHE DEFAULT CELL_FLASH_CACHE DEFAULT)
  TABLESPACE "USERS"  ENABLE;
--------------------------------------------------------
--  Constraints for Table DOCUMENTMARKERS
--------------------------------------------------------

  ALTER TABLE "CTL"."DOCUMENTMARKERS" MODIFY ("MARKERTYPE" NOT NULL ENABLE);
  ALTER TABLE "CTL"."DOCUMENTMARKERS" ADD PRIMARY KEY ("MARKERID")
  USING INDEX PCTFREE 10 INITRANS 2 MAXTRANS 255 COMPUTE STATISTICS 
  STORAGE(INITIAL 65536 NEXT 1048576 MINEXTENTS 1 MAXEXTENTS 2147483645
  PCTINCREASE 0 FREELISTS 1 FREELIST GROUPS 1
  BUFFER_POOL DEFAULT FLASH_CACHE DEFAULT CELL_FLASH_CACHE DEFAULT)
  TABLESPACE "USERS"  ENABLE;
--------------------------------------------------------
--  Constraints for Table DOCUMENTS
--------------------------------------------------------

  ALTER TABLE "CTL"."DOCUMENTS" MODIFY ("OWNER" NOT NULL ENABLE);
  ALTER TABLE "CTL"."DOCUMENTS" ADD CONSTRAINT "PK_DOCUMENTS" PRIMARY KEY ("DOCID")
  USING INDEX PCTFREE 10 INITRANS 2 MAXTRANS 255 COMPUTE STATISTICS 
  STORAGE(INITIAL 65536 NEXT 1048576 MINEXTENTS 1 MAXEXTENTS 2147483645
  PCTINCREASE 0 FREELISTS 1 FREELIST GROUPS 1
  BUFFER_POOL DEFAULT FLASH_CACHE DEFAULT CELL_FLASH_CACHE DEFAULT)
  TABLESPACE "USERS"  ENABLE;
--------------------------------------------------------
--  Constraints for Table USERS
--------------------------------------------------------

  ALTER TABLE "CTL"."USERS" MODIFY ("USERID" NOT NULL ENABLE);
  ALTER TABLE "CTL"."USERS" MODIFY ("USERNAME" NOT NULL ENABLE);
  ALTER TABLE "CTL"."USERS" ADD CHECK (UserID like '%_@__%.__%') ENABLE;
  ALTER TABLE "CTL"."USERS" ADD PRIMARY KEY ("USERID")
  USING INDEX PCTFREE 10 INITRANS 2 MAXTRANS 255 COMPUTE STATISTICS 
  STORAGE(INITIAL 65536 NEXT 1048576 MINEXTENTS 1 MAXEXTENTS 2147483645
  PCTINCREASE 0 FREELISTS 1 FREELIST GROUPS 1
  BUFFER_POOL DEFAULT FLASH_CACHE DEFAULT CELL_FLASH_CACHE DEFAULT)
  TABLESPACE "USERS"  ENABLE;
--------------------------------------------------------
--  Ref Constraints for Table DOCUMENTMARKERS
--------------------------------------------------------

  ALTER TABLE "CTL"."DOCUMENTMARKERS" ADD FOREIGN KEY ("DOCID")
	  REFERENCES "CTL"."DOCUMENTS" ("DOCID") ENABLE;
  ALTER TABLE "CTL"."DOCUMENTMARKERS" ADD FOREIGN KEY ("USERID")
	  REFERENCES "CTL"."USERS" ("USERID") ENABLE;
--------------------------------------------------------
--  Ref Constraints for Table DOCUMENTS
--------------------------------------------------------

  ALTER TABLE "CTL"."DOCUMENTS" ADD FOREIGN KEY ("OWNER")
	  REFERENCES "CTL"."USERS" ("USERID") ENABLE;
--------------------------------------------------------
--  Ref Constraints for Table LIVEWATCHDOCS
--------------------------------------------------------

  ALTER TABLE "CTL"."LIVEWATCHDOCS" ADD FOREIGN KEY ("DOCID")
	  REFERENCES "CTL"."DOCUMENTS" ("DOCID") ENABLE;
  ALTER TABLE "CTL"."LIVEWATCHDOCS" ADD FOREIGN KEY ("USERID")
	  REFERENCES "CTL"."USERS" ("USERID") ENABLE;
--------------------------------------------------------
--  Ref Constraints for Table SHAREDDOCUMENTS
--------------------------------------------------------

  ALTER TABLE "CTL"."SHAREDDOCUMENTS" ADD FOREIGN KEY ("DOCID")
	  REFERENCES "CTL"."DOCUMENTS" ("DOCID") ENABLE;
  ALTER TABLE "CTL"."SHAREDDOCUMENTS" ADD FOREIGN KEY ("USERID")
	  REFERENCES "CTL"."USERS" ("USERID") ENABLE;
